����,����,ǥ������,����,����
����,����,150 ,34 ,30 
����,����,148 ,24 ,35 
����,����,147 ,98 ,63 
����,����,146 ,65 ,83 
����,����,145 ,160 ,117 
����,����,144 ,270 ,242 
����,����,143 ,271 ,214 
����,����,142 ,435 ,311 
����,����,141 ,458 ,428 
����,����,140 ,607 ,511 
����,����,139 ,564 ,457 
����,����,138 ,900 ,799 
����,����,137 ,772 ,738 
����,����,136 ,1161 ,987 
����,����,135 ,1242 ,1044 
����,����,134 ,1195 ,1113 
����,����,133 ,1370 ,1217 
����,����,132 ,1633 ,1570 
����,����,131 ,1793 ,1564 
����,����,130 ,1659 ,1642 
����,����,129 ,2185 ,2157 
����,����,128 ,2117 ,2096 
����,����,127 ,2460 ,2282 
����,����,126 ,2594 ,2508 
����,����,125 ,2277 ,2250 
����,����,124 ,2689 ,2560 
����,����,123 ,2933 ,2928 
����,����,122 ,2643 ,2652 
����,����,121 ,2921 ,2862 
����,����,120 ,3482 ,3563 
����,����,119 ,3374 ,3390 
����,����,118 ,3471 ,3231 
����,����,117 ,3442 ,3556 
����,����,116 ,3262 ,3316 
����,����,115 ,3768 ,3840 
����,����,114 ,3931 ,3888 
����,����,113 ,3325 ,3378 
����,����,112 ,3987 ,3979 
����,����,111 ,4106 ,4194 
����,����,110 ,3877 ,4122 
����,����,109 ,3987 ,4012 
����,����,108 ,3753 ,3961 
����,����,107 ,3755 ,4061 
����,����,106 ,4275 ,4404 
����,����,105 ,4003 ,4090 
����,����,104 ,3645 ,3802 
����,����,103 ,4405 ,4607 
����,����,102 ,3689 ,3956 
����,����,101 ,3951 ,4046 
����,����,100 ,4195 ,4399 
����,����,99 ,3542 ,3592 
����,����,98 ,3804 ,3895 
����,����,97 ,4112 ,4285 
����,����,96 ,3483 ,3605 
����,����,95 ,3781 ,3821 
����,����,94 ,3907 ,4028 
����,����,93 ,3333 ,3401 
����,����,92 ,3521 ,3612 
����,����,91 ,3691 ,3856 
����,����,90 ,3133 ,3217 
����,����,89 ,3325 ,3509 
����,����,88 ,3606 ,3580 
����,����,87 ,2982 ,2899 
����,����,86 ,3196 ,3128 
����,����,85 ,3365 ,3081 
����,����,84 ,2618 ,2581 
����,����,83 ,2951 ,2865 
����,����,82 ,2969 ,2852 
����,����,81 ,2440 ,2375 
����,����,80 ,2652 ,2577 
����,����,79 ,2702 ,2533 
����,����,78 ,2446 ,2131 
����,����,77 ,2266 ,2020 
����,����,76 ,2431 ,2086 
����,����,75 ,2049 ,1818 
����,����,74 ,1976 ,1866 
����,����,73 ,2251 ,1720 
����,����,72 ,1716 ,1371 
����,����,71 ,1820 ,1520 
����,����,70 ,1895 ,1411 
����,����,69 ,1824 ,1385 
����,����,68 ,1476 ,1071 
����,����,67 ,1621 ,1246 
����,����,66 ,1557 ,1098 
����,����,65 ,1657 ,996 
����,����,64 ,1613 ,1042 
����,����,63 ,1362 ,916 
����,����,62 ,1224 ,896 
����,����,61 ,1383 ,891 
����,����,60 ,2175 ,1169 
����,����,59 ,926 ,541 
����,����,58 ,759 ,464 
����,����,57 ,1362 ,849 
����,����,56 ,428 ,252 
����,����,55 ,460 ,308 
����,����,54 ,332 ,192 
����,����,53 ,235 ,129 
����,����,52 ,211 ,121 
����,����,51 ,160 ,104 
����,����,50 ,76 ,47 
����,����,49 ,103 ,89 
����,����,48 ,52 ,55 
����,����,47 ,52 ,29 
����,����,46 ,14 ,7 
����,����,45 ,29 ,25 
����,����,44 ,19 ,15 
����,����,43 ,25 ,16 
����,����,42 ,2 ,1 
����,����,41 ,80 ,27 
����,����,40 ,4 ,3 
����,����,39 ,145 ,74 
����,����,148 ,516 ,96 
����,����,146 ,75 ,11 
����,����,145 ,412 ,105 
����,����,144 ,642 ,158 
����,����,143 ,13 ,3 
����,����,142 ,261 ,64 
����,����,141 ,1598 ,493 
����,����,140 ,603 ,169 
����,����,139 ,223 ,55 
����,����,138 ,996 ,342 
����,����,137 ,3013 ,1162 
����,����,136 ,498 ,136 
����,����,135 ,439 ,152 
����,����,134 ,2061 ,908 
����,����,133 ,1846 ,860 
����,����,132 ,2923 ,1316 
����,����,131 ,1404 ,727 
����,����,130 ,2594 ,1235 
����,����,129 ,4660 ,2428 
����,����,128 ,1554 ,935 
����,����,127 ,3100 ,1614 
����,����,126 ,5357 ,3074 
����,����,125 ,1718 ,1062 
����,����,124 ,3833 ,2235 
����,����,123 ,5496 ,3703 
����,����,122 ,1749 ,1249 
����,����,121 ,4657 ,3111 
����,����,120 ,4923 ,3869 
����,����,119 ,1840 ,1419 
����,����,118 ,5237 ,4147 
����,����,117 ,4269 ,3570 
����,����,116 ,1391 ,1299 
����,����,115 ,6244 ,5095 
����,����,114 ,3558 ,3083 
����,����,113 ,1444 ,1247 
����,����,112 ,6064 ,5390 
����,����,111 ,2903 ,2511 
����,����,110 ,1147 ,1140 
����,����,109 ,3062 ,3061 
����,����,108 ,5500 ,4789 
����,����,107 ,1528 ,1521 
����,����,106 ,3333 ,3127 
����,����,105 ,4703 ,4284 
����,����,104 ,1725 ,1830 
����,����,103 ,3631 ,3978 
����,����,102 ,3627 ,3475 
����,����,101 ,2778 ,2790 
����,����,100 ,3825 ,3946 
����,����,99 ,3013 ,2964 
����,����,98 ,3352 ,3708 
����,����,97 ,3141 ,3338 
����,����,96 ,2590 ,2949 
����,����,95 ,2715 ,3136 
����,����,94 ,3657 ,3902 
����,����,93 ,2508 ,3021 
����,����,92 ,2603 ,2972 
����,����,91 ,3022 ,3679 
����,����,90 ,2273 ,2787 
����,����,89 ,2229 ,2745 
����,����,88 ,2364 ,2943 
����,����,87 ,2451 ,3083 
����,����,86 ,2093 ,2715 
����,����,85 ,2262 ,2839 
����,����,84 ,2405 ,2911 
����,����,83 ,2245 ,2876 
����,����,82 ,2219 ,2815 
����,����,81 ,2533 ,3132 
����,����,80 ,2907 ,3502 
����,����,79 ,2896 ,3477 
����,����,78 ,3426 ,4049 
����,����,77 ,3206 ,3805 
����,����,76 ,6037 ,6909 
����,����,75 ,4598 ,4900 
����,����,74 ,3345 ,3884 
����,����,73 ,3515 ,4192 
����,����,72 ,2723 ,3532 
����,����,71 ,2530 ,2844 
����,����,70 ,5183 ,5394 
����,����,69 ,1716 ,1950 
����,����,68 ,1310 ,1572 
����,����,67 ,1024 ,1217 
����,����,66 ,1249 ,1418 
����,����,65 ,273 ,283 
����,����,64 ,485 ,491 
����,����,63 ,89 ,134 
����,����,62 ,242 ,181 
��ȸŽ��,��Ȱ�� ����,65 ,2034 ,4323 
��ȸŽ��,��Ȱ�� ����,63 ,3561 ,7526 
��ȸŽ��,��Ȱ�� ����,62 ,500 ,1044 
��ȸŽ��,��Ȱ�� ����,61 ,2237 ,4728 
��ȸŽ��,��Ȱ�� ����,60 ,1435 ,2796 
��ȸŽ��,��Ȱ�� ����,59 ,1101 ,2179 
��ȸŽ��,��Ȱ�� ����,58 ,3022 ,5603 
��ȸŽ��,��Ȱ�� ����,57 ,1573 ,2817 
��ȸŽ��,��Ȱ�� ����,56 ,1453 ,2631 
��ȸŽ��,��Ȱ�� ����,55 ,1006 ,1671 
��ȸŽ��,��Ȱ�� ����,54 ,1491 ,2623 
��ȸŽ��,��Ȱ�� ����,53 ,2218 ,3812 
��ȸŽ��,��Ȱ�� ����,52 ,1330 ,2269 
��ȸŽ��,��Ȱ�� ����,51 ,978 ,1649 
��ȸŽ��,��Ȱ�� ����,50 ,1330 ,2415 
��ȸŽ��,��Ȱ�� ����,49 ,1090 ,1833 
��ȸŽ��,��Ȱ�� ����,48 ,2484 ,4388 
��ȸŽ��,��Ȱ�� ����,47 ,1050 ,1793 
��ȸŽ��,��Ȱ�� ����,46 ,1383 ,2298 
��ȸŽ��,��Ȱ�� ����,45 ,1323 ,2268 
��ȸŽ��,��Ȱ�� ����,44 ,2449 ,4165 
��ȸŽ��,��Ȱ�� ����,43 ,1070 ,1895 
��ȸŽ��,��Ȱ�� ����,42 ,1119 ,1924 
��ȸŽ��,��Ȱ�� ����,41 ,1125 ,1847 
��ȸŽ��,��Ȱ�� ����,40 ,924 ,1533 
��ȸŽ��,��Ȱ�� ����,39 ,1947 ,3215 
��ȸŽ��,��Ȱ�� ����,38 ,873 ,1331 
��ȸŽ��,��Ȱ�� ����,37 ,1526 ,1822 
��ȸŽ��,��Ȱ�� ����,36 ,818 ,1086 
��ȸŽ��,��Ȱ�� ����,35 ,715 ,981 
��ȸŽ��,��Ȱ�� ����,34 ,1458 ,1694 
��ȸŽ��,��Ȱ�� ����,33 ,684 ,737 
��ȸŽ��,��Ȱ�� ����,32 ,1686 ,1305 
��ȸŽ��,��Ȱ�� ����,31 ,411 ,403 
��ȸŽ��,��Ȱ�� ����,30 ,414 ,421 
��ȸŽ��,��Ȱ�� ����,29 ,722 ,760 
��ȸŽ��,��Ȱ�� ����,28 ,219 ,174 
��ȸŽ��,��Ȱ�� ����,27 ,95 ,97 
��ȸŽ��,��Ȱ�� ����,26 ,70 ,65 
��ȸŽ��,��Ȱ�� ����,25 ,78 ,53 
��ȸŽ��,��Ȱ�� ����,24 ,43 ,49 
��ȸŽ��,������ ���,63 ,1343 ,2898 
��ȸŽ��,������ ���,62 ,594 ,1058 
��ȸŽ��,������ ���,61 ,578 ,1461 
��ȸŽ��,������ ���,60 ,679 ,1347 
��ȸŽ��,������ ���,59 ,243 ,533 
��ȸŽ��,������ ���,58 ,535 ,1099 
��ȸŽ��,������ ���,57 ,162 ,334 
��ȸŽ��,������ ���,56 ,399 ,851 
��ȸŽ��,������ ���,55 ,167 ,322 
��ȸŽ��,������ ���,54 ,194 ,408 
��ȸŽ��,������ ���,53 ,326 ,754 
��ȸŽ��,������ ���,52 ,178 ,378 
��ȸŽ��,������ ���,51 ,365 ,803 
��ȸŽ��,������ ���,50 ,166 ,359 
��ȸŽ��,������ ���,49 ,411 ,868 
��ȸŽ��,������ ���,48 ,190 ,408 
��ȸŽ��,������ ���,47 ,265 ,512 
��ȸŽ��,������ ���,46 ,471 ,961 
��ȸŽ��,������ ���,45 ,223 ,492 
��ȸŽ��,������ ���,44 ,569 ,1011 
��ȸŽ��,������ ���,43 ,276 ,458 
��ȸŽ��,������ ���,42 ,577 ,950 
��ȸŽ��,������ ���,41 ,293 ,494 
��ȸŽ��,������ ���,40 ,315 ,465 
��ȸŽ��,������ ���,39 ,616 ,823 
��ȸŽ��,������ ���,38 ,299 ,321 
��ȸŽ��,������ ���,37 ,815 ,894 
��ȸŽ��,������ ���,36 ,302 ,326 
��ȸŽ��,������ ���,35 ,318 ,334 
��ȸŽ��,������ ���,34 ,386 ,401 
��ȸŽ��,������ ���,33 ,142 ,124 
��ȸŽ��,������ ���,32 ,557 ,436 
��ȸŽ��,������ ���,31 ,64 ,60 
��ȸŽ��,������ ���,30 ,52 ,54 
��ȸŽ��,������ ���,28 ,20 ,15 
��ȸŽ��,�ѱ�����,65 ,1330 ,1020 
��ȸŽ��,�ѱ�����,64 ,551 ,547 
��ȸŽ��,�ѱ�����,63 ,871 ,848 
��ȸŽ��,�ѱ�����,62 ,586 ,550 
��ȸŽ��,�ѱ�����,61 ,631 ,671 
��ȸŽ��,�ѱ�����,60 ,435 ,400 
��ȸŽ��,�ѱ�����,59 ,550 ,534 
��ȸŽ��,�ѱ�����,58 ,268 ,268 
��ȸŽ��,�ѱ�����,57 ,241 ,282 
��ȸŽ��,�ѱ�����,56 ,479 ,479 
��ȸŽ��,�ѱ�����,55 ,219 ,262 
��ȸŽ��,�ѱ�����,54 ,465 ,389 
��ȸŽ��,�ѱ�����,53 ,195 ,222 
��ȸŽ��,�ѱ�����,52 ,367 ,423 
��ȸŽ��,�ѱ�����,51 ,220 ,231 
��ȸŽ��,�ѱ�����,50 ,211 ,248 
��ȸŽ��,�ѱ�����,49 ,481 ,469 
��ȸŽ��,�ѱ�����,48 ,263 ,301 
��ȸŽ��,�ѱ�����,47 ,568 ,625 
��ȸŽ��,�ѱ�����,46 ,313 ,317 
��ȸŽ��,�ѱ�����,45 ,688 ,760 
��ȸŽ��,�ѱ�����,44 ,398 ,399 
��ȸŽ��,�ѱ�����,43 ,422 ,439 
��ȸŽ��,�ѱ�����,42 ,896 ,871 
��ȸŽ��,�ѱ�����,41 ,478 ,491 
��ȸŽ��,�ѱ�����,40 ,975 ,906 
��ȸŽ��,�ѱ�����,39 ,444 ,430 
��ȸŽ��,�ѱ�����,38 ,1516 ,1096 
��ȸŽ��,�ѱ�����,37 ,241 ,223 
��ȸŽ��,�ѱ�����,36 ,620 ,468 
��ȸŽ��,�ѱ�����,35 ,124 ,88 
��ȸŽ��,�ѱ�����,34 ,126 ,108 
��ȸŽ��,�ѱ�����,33 ,129 ,82 
��ȸŽ��,�ѱ�����,32 ,44 ,44 
��ȸŽ��,�ѱ�����,31 ,35 ,15 
��ȸŽ��,��������,67 ,334 ,213 
��ȸŽ��,��������,66 ,568 ,407 
��ȸŽ��,��������,65 ,140 ,91 
��ȸŽ��,��������,64 ,492 ,477 
��ȸŽ��,��������,63 ,350 ,242 
��ȸŽ��,��������,62 ,795 ,669 
��ȸŽ��,��������,61 ,310 ,246 
��ȸŽ��,��������,60 ,383 ,352 
��ȸŽ��,��������,59 ,323 ,296 
��ȸŽ��,��������,58 ,589 ,592 
��ȸŽ��,��������,57 ,252 ,230 
��ȸŽ��,��������,56 ,309 ,316 
��ȸŽ��,��������,55 ,520 ,501 
��ȸŽ��,��������,54 ,281 ,278 
��ȸŽ��,��������,53 ,220 ,208 
��ȸŽ��,��������,52 ,259 ,247 
��ȸŽ��,��������,51 ,477 ,456 
��ȸŽ��,��������,50 ,292 ,255 
��ȸŽ��,��������,49 ,240 ,233 
��ȸŽ��,��������,48 ,280 ,261 
��ȸŽ��,��������,47 ,552 ,561 
��ȸŽ��,��������,46 ,327 ,289 
��ȸŽ��,��������,45 ,299 ,274 
��ȸŽ��,��������,44 ,743 ,652 
��ȸŽ��,��������,43 ,352 ,298 
��ȸŽ��,��������,42 ,414 ,375 
��ȸŽ��,��������,41 ,321 ,307 
��ȸŽ��,��������,40 ,793 ,684 
��ȸŽ��,��������,39 ,275 ,272 
��ȸŽ��,��������,38 ,393 ,381 
��ȸŽ��,��������,37 ,503 ,483 
��ȸŽ��,��������,36 ,255 ,211 
��ȸŽ��,��������,35 ,156 ,120 
��ȸŽ��,��������,34 ,462 ,319 
��ȸŽ��,��������,33 ,199 ,184 
��ȸŽ��,��������,32 ,60 ,63 
��ȸŽ��,��������,31 ,25 ,20 
��ȸŽ��,��������,30 ,16 ,19 
��ȸŽ��,��������,29 ,19 ,15 
��ȸŽ��,��������,28 ,13 ,13 
��ȸŽ��,���ƽþƻ�,66 ,249 ,111 
��ȸŽ��,���ƽþƻ�,64 ,607 ,326 
��ȸŽ��,���ƽþƻ�,63 ,436 ,309 
��ȸŽ��,���ƽþƻ�,62 ,357 ,251 
��ȸŽ��,���ƽþƻ�,61 ,660 ,515 
��ȸŽ��,���ƽþƻ�,60 ,156 ,156 
��ȸŽ��,���ƽþƻ�,59 ,588 ,486 
��ȸŽ��,���ƽþƻ�,58 ,151 ,138 
��ȸŽ��,���ƽþƻ�,57 ,251 ,279 
��ȸŽ��,���ƽþƻ�,56 ,328 ,327 
��ȸŽ��,���ƽþƻ�,55 ,222 ,188 
��ȸŽ��,���ƽþƻ�,54 ,297 ,275 
��ȸŽ��,���ƽþƻ�,53 ,156 ,178 
��ȸŽ��,���ƽþƻ�,52 ,105 ,109 
��ȸŽ��,���ƽþƻ�,51 ,295 ,268 
��ȸŽ��,���ƽþƻ�,50 ,131 ,108 
��ȸŽ��,���ƽþƻ�,49 ,274 ,247 
��ȸŽ��,���ƽþƻ�,48 ,133 ,127 
��ȸŽ��,���ƽþƻ�,47 ,257 ,236 
��ȸŽ��,���ƽþƻ�,46 ,154 ,150 
��ȸŽ��,���ƽþƻ�,45 ,121 ,153 
��ȸŽ��,���ƽþƻ�,44 ,314 ,347 
��ȸŽ��,���ƽþƻ�,43 ,143 ,151 
��ȸŽ��,���ƽþƻ�,42 ,384 ,422 
��ȸŽ��,���ƽþƻ�,41 ,214 ,191 
��ȸŽ��,���ƽþƻ�,40 ,189 ,214 
��ȸŽ��,���ƽþƻ�,39 ,418 ,480 
��ȸŽ��,���ƽþƻ�,38 ,214 ,247 
��ȸŽ��,���ƽþƻ�,37 ,505 ,566 
��ȸŽ��,���ƽþƻ�,36 ,182 ,165 
��ȸŽ��,���ƽþƻ�,35 ,269 ,226 
��ȸŽ��,���ƽþƻ�,34 ,203 ,164 
��ȸŽ��,���ƽþƻ�,33 ,54 ,67 
��ȸŽ��,���ƽþƻ�,32 ,62 ,73 
��ȸŽ��,���ƽþƻ�,30 ,13 ,15 
��ȸŽ��,�����,63 ,909 ,493 
��ȸŽ��,�����,62 ,614 ,341 
��ȸŽ��,�����,61 ,578 ,438 
��ȸŽ��,�����,60 ,449 ,329 
��ȸŽ��,�����,59 ,512 ,403 
��ȸŽ��,�����,58 ,306 ,252 
��ȸŽ��,�����,57 ,138 ,103 
��ȸŽ��,�����,56 ,266 ,187 
��ȸŽ��,�����,55 ,98 ,74 
��ȸŽ��,�����,54 ,189 ,144 
��ȸŽ��,�����,53 ,80 ,53 
��ȸŽ��,�����,52 ,204 ,124 
��ȸŽ��,�����,51 ,103 ,61 
��ȸŽ��,�����,50 ,190 ,113 
��ȸŽ��,�����,49 ,202 ,148 
��ȸŽ��,�����,48 ,113 ,70 
��ȸŽ��,�����,47 ,200 ,160 
��ȸŽ��,�����,46 ,116 ,92 
��ȸŽ��,�����,45 ,248 ,188 
��ȸŽ��,�����,44 ,135 ,116 
��ȸŽ��,�����,43 ,359 ,244 
��ȸŽ��,�����,42 ,192 ,137 
��ȸŽ��,�����,41 ,435 ,369 
��ȸŽ��,�����,40 ,482 ,394 
��ȸŽ��,�����,39 ,322 ,203 
��ȸŽ��,�����,38 ,454 ,369 
��ȸŽ��,�����,37 ,203 ,135 
��ȸŽ��,�����,36 ,317 ,256 
��ȸŽ��,�����,35 ,215 ,135 
��ȸŽ��,�����,34 ,145 ,111 
��ȸŽ��,�����,33 ,43 ,29 
��ȸŽ��,�����,32 ,31 ,19 
��ȸŽ��,�����,31 ,16 ,16 
��ȸŽ��,����,73 ,17 ,1 
��ȸŽ��,����,71 ,27 ,2 
��ȸŽ��,����,70 ,16 ,6 
��ȸŽ��,����,69 ,74 ,17 
��ȸŽ��,����,68 ,36 ,11 
��ȸŽ��,����,67 ,69 ,14 
��ȸŽ��,����,66 ,60 ,10 
��ȸŽ��,����,65 ,57 ,10 
��ȸŽ��,����,64 ,87 ,20 
��ȸŽ��,����,63 ,82 ,20 
��ȸŽ��,����,62 ,71 ,26 
��ȸŽ��,����,61 ,148 ,80 
��ȸŽ��,����,60 ,83 ,33 
��ȸŽ��,����,59 ,69 ,40 
��ȸŽ��,����,58 ,91 ,41 
��ȸŽ��,����,57 ,74 ,26 
��ȸŽ��,����,56 ,103 ,41 
��ȸŽ��,����,55 ,84 ,38 
��ȸŽ��,����,54 ,77 ,31 
��ȸŽ��,����,53 ,91 ,49 
��ȸŽ��,����,52 ,160 ,81 
��ȸŽ��,����,51 ,87 ,45 
��ȸŽ��,����,50 ,71 ,46 
��ȸŽ��,����,49 ,103 ,47 
��ȸŽ��,����,48 ,105 ,51 
��ȸŽ��,����,47 ,76 ,37 
��ȸŽ��,����,46 ,81 ,34 
��ȸŽ��,����,45 ,97 ,35 
��ȸŽ��,����,44 ,212 ,110 
��ȸŽ��,����,43 ,83 ,34 
��ȸŽ��,����,42 ,83 ,48 
��ȸŽ��,����,41 ,85 ,53 
��ȸŽ��,����,40 ,153 ,65 
��ȸŽ��,����,39 ,108 ,54 
��ȸŽ��,����,38 ,71 ,37 
��ȸŽ��,����,37 ,168 ,61 
��ȸŽ��,����,36 ,143 ,50 
��ȸŽ��,����,35 ,42 ,10 
��ȸŽ��,����,34 ,32 ,7 
��ȸŽ��,����,33 ,31 ,16 
��ȸŽ��,����,32 ,13 ,2 
��ȸŽ��,����,31 ,7 ,3 
��ȸŽ��,����,30 ,6 ,2 
��ȸŽ��,����,28 ,8 ,3 
��ȸŽ��,��ġ�� ��,73 ,74 ,48 
��ȸŽ��,��ġ�� ��,71 ,30 ,28 
��ȸŽ��,��ġ�� ��,70 ,169 ,170 
��ȸŽ��,��ġ�� ��,69 ,5 ,4 
��ȸŽ��,��ġ�� ��,68 ,108 ,129 
��ȸŽ��,��ġ�� ��,67 ,217 ,277 
��ȸŽ��,��ġ�� ��,66 ,311 ,318 
��ȸŽ��,��ġ�� ��,65 ,215 ,263 
��ȸŽ��,��ġ�� ��,64 ,151 ,200 
��ȸŽ��,��ġ�� ��,63 ,323 ,349 
��ȸŽ��,��ġ�� ��,62 ,158 ,251 
��ȸŽ��,��ġ�� ��,61 ,234 ,306 
��ȸŽ��,��ġ�� ��,60 ,463 ,665 
��ȸŽ��,��ġ�� ��,59 ,270 ,370 
��ȸŽ��,��ġ�� ��,58 ,212 ,363 
��ȸŽ��,��ġ�� ��,57 ,215 ,346 
��ȸŽ��,��ġ�� ��,56 ,284 ,389 
��ȸŽ��,��ġ�� ��,55 ,186 ,321 
��ȸŽ��,��ġ�� ��,54 ,458 ,712 
��ȸŽ��,��ġ�� ��,53 ,194 ,323 
��ȸŽ��,��ġ�� ��,52 ,212 ,411 
��ȸŽ��,��ġ�� ��,51 ,191 ,322 
��ȸŽ��,��ġ�� ��,50 ,262 ,398 
��ȸŽ��,��ġ�� ��,49 ,198 ,296 
��ȸŽ��,��ġ�� ��,48 ,200 ,359 
��ȸŽ��,��ġ�� ��,47 ,463 ,708 
��ȸŽ��,��ġ�� ��,46 ,307 ,456 
��ȸŽ��,��ġ�� ��,45 ,276 ,408 
��ȸŽ��,��ġ�� ��,44 ,282 ,491 
��ȸŽ��,��ġ�� ��,43 ,317 ,476 
��ȸŽ��,��ġ�� ��,42 ,293 ,433 
��ȸŽ��,��ġ�� ��,41 ,772 ,1038 
��ȸŽ��,��ġ�� ��,40 ,334 ,485 
��ȸŽ��,��ġ�� ��,39 ,315 ,482 
��ȸŽ��,��ġ�� ��,38 ,207 ,278 
��ȸŽ��,��ġ�� ��,37 ,460 ,548 
��ȸŽ��,��ġ�� ��,36 ,190 ,247 
��ȸŽ��,��ġ�� ��,35 ,165 ,215 
��ȸŽ��,��ġ�� ��,34 ,222 ,260 
��ȸŽ��,��ġ�� ��,33 ,81 ,97 
��ȸŽ��,��ġ�� ��,32 ,29 ,22 
��ȸŽ��,��ġ�� ��,31 ,39 ,40 
��ȸŽ��,��ġ�� ��,29 ,20 ,12 
��ȸŽ��,��ȸ����ȭ,70 ,277 ,388 
��ȸŽ��,��ȸ����ȭ,69 ,290 ,387 
��ȸŽ��,��ȸ����ȭ,68 ,614 ,1024 
��ȸŽ��,��ȸ����ȭ,67 ,114 ,163 
��ȸŽ��,��ȸ����ȭ,66 ,841 ,1276 
��ȸŽ��,��ȸ����ȭ,65 ,1287 ,2130 
��ȸŽ��,��ȸ����ȭ,64 ,1371 ,2285 
��ȸŽ��,��ȸ����ȭ,63 ,833 ,1493 
��ȸŽ��,��ȸ����ȭ,62 ,997 ,1635 
��ȸŽ��,��ȸ����ȭ,61 ,1505 ,2666 
��ȸŽ��,��ȸ����ȭ,60 ,916 ,1501 
��ȸŽ��,��ȸ����ȭ,59 ,2796 ,4651 
��ȸŽ��,��ȸ����ȭ,58 ,1058 ,1736 
��ȸŽ��,��ȸ����ȭ,57 ,1542 ,2553 
��ȸŽ��,��ȸ����ȭ,56 ,1097 ,1898 
��ȸŽ��,��ȸ����ȭ,55 ,1271 ,2172 
��ȸŽ��,��ȸ����ȭ,54 ,2345 ,3820 
��ȸŽ��,��ȸ����ȭ,53 ,1279 ,2058 
��ȸŽ��,��ȸ����ȭ,52 ,1013 ,1750 
��ȸŽ��,��ȸ����ȭ,51 ,1182 ,1908 
��ȸŽ��,��ȸ����ȭ,50 ,1049 ,1832 
��ȸŽ��,��ȸ����ȭ,49 ,1008 ,1672 
��ȸŽ��,��ȸ����ȭ,48 ,2214 ,3613 
��ȸŽ��,��ȸ����ȭ,47 ,1124 ,1889 
��ȸŽ��,��ȸ����ȭ,46 ,991 ,1690 
��ȸŽ��,��ȸ����ȭ,45 ,1127 ,1841 
��ȸŽ��,��ȸ����ȭ,44 ,1106 ,1814 
��ȸŽ��,��ȸ����ȭ,43 ,1065 ,1675 
��ȸŽ��,��ȸ����ȭ,42 ,2261 ,3656 
��ȸŽ��,��ȸ����ȭ,41 ,1205 ,1834 
��ȸŽ��,��ȸ����ȭ,40 ,1136 ,1715 
��ȸŽ��,��ȸ����ȭ,39 ,1149 ,1576 
��ȸŽ��,��ȸ����ȭ,38 ,2444 ,2801 
��ȸŽ��,��ȸ����ȭ,37 ,2420 ,2994 
��ȸŽ��,��ȸ����ȭ,36 ,821 ,966 
��ȸŽ��,��ȸ����ȭ,35 ,835 ,958 
��ȸŽ��,��ȸ����ȭ,34 ,764 ,943 
��ȸŽ��,��ȸ����ȭ,33 ,1729 ,1389 
��ȸŽ��,��ȸ����ȭ,32 ,471 ,462 
��ȸŽ��,��ȸ����ȭ,31 ,412 ,391 
��ȸŽ��,��ȸ����ȭ,30 ,163 ,177 
��ȸŽ��,��ȸ����ȭ,28 ,70 ,88 
����Ž��,������ I,69 ,896 ,94 
����Ž��,������ I,67 ,1764 ,205 
����Ž��,������ I,66 ,357 ,57 
����Ž��,������ I,65 ,1572 ,222 
����Ž��,������ I,64 ,755 ,119 
����Ž��,������ I,63 ,2663 ,485 
����Ž��,������ I,62 ,764 ,133 
����Ž��,������ I,61 ,1468 ,291 
����Ž��,������ I,60 ,2395 ,499 
����Ž��,������ I,59 ,1497 ,310 
����Ž��,������ I,58 ,1114 ,242 
����Ž��,������ I,57 ,1178 ,315 
����Ž��,������ I,56 ,2274 ,566 
����Ž��,������ I,55 ,1163 ,315 
����Ž��,������ I,54 ,992 ,266 
����Ž��,������ I,53 ,2046 ,551 
����Ž��,������ I,52 ,963 ,255 
����Ž��,������ I,51 ,963 ,289 
����Ž��,������ I,50 ,1827 ,591 
����Ž��,������ I,49 ,830 ,319 
����Ž��,������ I,48 ,913 ,320 
����Ž��,������ I,47 ,945 ,345 
����Ž��,������ I,46 ,1878 ,688 
����Ž��,������ I,45 ,999 ,323 
����Ž��,������ I,44 ,1038 ,357 
����Ž��,������ I,43 ,2250 ,791 
����Ž��,������ I,42 ,1266 ,489 
����Ž��,������ I,41 ,1148 ,439 
����Ž��,������ I,40 ,2713 ,956 
����Ž��,������ I,39 ,1299 ,465 
����Ž��,������ I,38 ,2509 ,786 
����Ž��,������ I,37 ,1012 ,315 
����Ž��,������ I,36 ,2057 ,668 
����Ž��,������ I,35 ,469 ,175 
����Ž��,������ I,34 ,614 ,194 
����Ž��,������ I,33 ,505 ,149 
����Ž��,������ I,32 ,239 ,68 
����Ž��,������ I,30 ,137 ,38 
����Ž��,ȭ�� I,69 ,717 ,235 
����Ž��,ȭ�� I,67 ,1309 ,506 
����Ž��,ȭ�� I,66 ,62 ,22 
����Ž��,ȭ�� I,65 ,765 ,365 
����Ž��,ȭ�� I,64 ,925 ,403 
����Ž��,ȭ�� I,63 ,320 ,171 
����Ž��,ȭ�� I,62 ,1922 ,1054 
����Ž��,ȭ�� I,61 ,849 ,478 
����Ž��,ȭ�� I,60 ,1335 ,754 
����Ž��,ȭ�� I,59 ,763 ,425 
����Ž��,ȭ�� I,58 ,1319 ,833 
����Ž��,ȭ�� I,57 ,1861 ,1243 
����Ž��,ȭ�� I,56 ,1126 ,810 
����Ž��,ȭ�� I,55 ,783 ,604 
����Ž��,ȭ�� I,54 ,1083 ,775 
����Ž��,ȭ�� I,53 ,1593 ,1275 
����Ž��,ȭ�� I,52 ,858 ,679 
����Ž��,ȭ�� I,51 ,691 ,601 
����Ž��,ȭ�� I,50 ,776 ,705 
����Ž��,ȭ�� I,49 ,676 ,541 
����Ž��,ȭ�� I,48 ,1406 ,1229 
����Ž��,ȭ�� I,47 ,632 ,561 
����Ž��,ȭ�� I,46 ,690 ,642 
����Ž��,ȭ�� I,45 ,619 ,544 
����Ž��,ȭ�� I,44 ,691 ,653 
����Ž��,ȭ�� I,43 ,1284 ,1199 
����Ž��,ȭ�� I,42 ,761 ,655 
����Ž��,ȭ�� I,41 ,666 ,575 
����Ž��,ȭ�� I,40 ,785 ,716 
����Ž��,ȭ�� I,39 ,802 ,691 
����Ž��,ȭ�� I,38 ,1905 ,1555 
����Ž��,ȭ�� I,37 ,583 ,531 
����Ž��,ȭ�� I,36 ,949 ,806 
����Ž��,ȭ�� I,35 ,544 ,476 
����Ž��,ȭ�� I,34 ,441 ,374 
����Ž��,ȭ�� I,33 ,667 ,611 
����Ž��,ȭ�� I,32 ,256 ,215 
����Ž��,ȭ�� I,31 ,118 ,120 
����Ž��,ȭ�� I,30 ,57 ,59 
����Ž��,ȭ�� I,29 ,71 ,77 
����Ž��,ȭ�� I,28 ,59 ,33 
����Ž��,�������� I,69 ,1289 ,1027 
����Ž��,�������� I,67 ,1590 ,1098 
����Ž��,�������� I,66 ,1192 ,1078 
����Ž��,�������� I,65 ,444 ,316 
����Ž��,�������� I,64 ,2941 ,2308 
����Ž��,�������� I,63 ,829 ,870 
����Ž��,�������� I,62 ,4435 ,3958 
����Ž��,�������� I,61 ,802 ,852 
����Ž��,�������� I,60 ,2248 ,2044 
����Ž��,�������� I,59 ,2883 ,2688 
����Ž��,�������� I,58 ,1317 ,1329 
����Ž��,�������� I,57 ,2925 ,2836 
����Ž��,�������� I,56 ,2157 ,2173 
����Ž��,�������� I,55 ,2377 ,2342 
����Ž��,�������� I,54 ,2566 ,2740 
����Ž��,�������� I,53 ,4498 ,5006 
����Ž��,�������� I,52 ,1949 ,2149 
����Ž��,�������� I,51 ,2207 ,2425 
����Ž��,�������� I,50 ,1985 ,2221 
����Ž��,�������� I,49 ,1911 ,2089 
����Ž��,�������� I,48 ,2019 ,2266 
����Ž��,�������� I,47 ,1872 ,1980 
����Ž��,�������� I,46 ,1970 ,2234 
����Ž��,�������� I,45 ,1778 ,1890 
����Ž��,�������� I,44 ,3544 ,3832 
����Ž��,�������� I,43 ,1675 ,1798 
����Ž��,�������� I,42 ,1758 ,1840 
����Ž��,�������� I,41 ,1610 ,1597 
����Ž��,�������� I,40 ,1630 ,1722 
����Ž��,�������� I,39 ,1509 ,1403 
����Ž��,�������� I,38 ,1538 ,1419 
����Ž��,�������� I,37 ,1483 ,1410 
����Ž��,�������� I,36 ,1407 ,1283 
����Ž��,�������� I,35 ,2561 ,2227 
����Ž��,�������� I,34 ,847 ,754 
����Ž��,�������� I,33 ,1033 ,827 
����Ž��,�������� I,32 ,1327 ,828 
����Ž��,�������� I,31 ,669 ,561 
����Ž��,�������� I,30 ,699 ,487 
����Ž��,�������� I,29 ,299 ,279 
����Ž��,�������� I,28 ,351 ,278 
����Ž��,�������� I,27 ,158 ,106 
����Ž��,�������� I,26 ,167 ,164 
����Ž��,�������� I,24 ,71 ,44 
����Ž��,�������� I,68 ,2765 ,992 
����Ž��,�������� I,66 ,1038 ,488 
����Ž��,�������� I,65 ,4195 ,1620 
����Ž��,�������� I,64 ,255 ,106 
����Ž��,�������� I,63 ,6113 ,3038 
����Ž��,�������� I,62 ,1121 ,593 
����Ž��,�������� I,61 ,4136 ,2350 
����Ž��,�������� I,60 ,2125 ,1179 
����Ž��,�������� I,59 ,2455 ,1445 
����Ž��,�������� I,58 ,5437 ,3387 
����Ž��,�������� I,57 ,3030 ,2007 
����Ž��,�������� I,56 ,2720 ,1794 
����Ž��,�������� I,55 ,2121 ,1378 
����Ž��,�������� I,54 ,5125 ,3459 
����Ž��,�������� I,53 ,2320 ,1617 
����Ž��,�������� I,52 ,2537 ,1858 
����Ž��,�������� I,51 ,1962 ,1386 
����Ž��,�������� I,50 ,2314 ,1729 
����Ž��,�������� I,49 ,4089 ,2977 
����Ž��,�������� I,48 ,2109 ,1721 
����Ž��,�������� I,47 ,1792 ,1368 
����Ž��,�������� I,46 ,2014 ,1522 
����Ž��,�������� I,45 ,1799 ,1516 
����Ž��,�������� I,44 ,3868 ,3046 
����Ž��,�������� I,43 ,1808 ,1375 
����Ž��,�������� I,42 ,2104 ,1613 
����Ž��,�������� I,41 ,1956 ,1587 
����Ž��,�������� I,40 ,4352 ,3403 
����Ž��,�������� I,39 ,1948 ,1386 
����Ž��,�������� I,38 ,2046 ,1614 
����Ž��,�������� I,37 ,1687 ,1257 
����Ž��,�������� I,36 ,2632 ,1678 
����Ž��,�������� I,35 ,2902 ,2185 
����Ž��,�������� I,34 ,1192 ,874 
����Ž��,�������� I,33 ,1680 ,1173 
����Ž��,�������� I,32 ,856 ,634 
����Ž��,�������� I,31 ,1020 ,678 
����Ž��,�������� I,30 ,276 ,163 
����Ž��,�������� I,29 ,130 ,64 
����Ž��,�������� I,28 ,140 ,110 
����Ž��,�������� I,26 ,100 ,42 
����Ž��,������ II,74 ,64 ,1 
����Ž��,������ II,72 ,29 ,0 
����Ž��,������ II,71 ,61 ,4 
����Ž��,������ II,70 ,64 ,7 
����Ž��,������ II,69 ,35 ,3 
����Ž��,������ II,68 ,24 ,3 
����Ž��,������ II,67 ,54 ,2 
����Ž��,������ II,66 ,36 ,2 
����Ž��,������ II,65 ,96 ,5 
����Ž��,������ II,64 ,39 ,7 
����Ž��,������ II,63 ,57 ,5 
����Ž��,������ II,62 ,35 ,1 
����Ž��,������ II,61 ,49 ,4 
����Ž��,������ II,60 ,51 ,3 
����Ž��,������ II,59 ,94 ,15 
����Ž��,������ II,58 ,39 ,3 
����Ž��,������ II,57 ,45 ,6 
����Ž��,������ II,56 ,56 ,7 
����Ž��,������ II,55 ,60 ,5 
����Ž��,������ II,54 ,55 ,6 
����Ž��,������ II,53 ,138 ,28 
����Ž��,������ II,52 ,68 ,12 
����Ž��,������ II,51 ,86 ,16 
����Ž��,������ II,50 ,91 ,17 
����Ž��,������ II,49 ,96 ,23 
����Ž��,������ II,48 ,194 ,58 
����Ž��,������ II,47 ,102 ,26 
����Ž��,������ II,46 ,127 ,45 
����Ž��,������ II,45 ,115 ,24 
����Ž��,������ II,44 ,114 ,29 
����Ž��,������ II,43 ,128 ,37 
����Ž��,������ II,42 ,298 ,85 
����Ž��,������ II,41 ,159 ,42 
����Ž��,������ II,40 ,85 ,25 
����Ž��,������ II,39 ,87 ,25 
����Ž��,������ II,38 ,56 ,15 
����Ž��,������ II,37 ,68 ,26 
����Ž��,������ II,36 ,48 ,15 
����Ž��,������ II,35 ,26 ,3 
����Ž��,������ II,34 ,8 ,0 
����Ž��,������ II,33 ,9 ,2 
����Ž��,������ II,31 ,12 ,3 
����Ž��,ȭ�� II,80 ,8 ,1 
����Ž��,ȭ�� II,78 ,1 ,0 
����Ž��,ȭ�� II,77 ,10 ,2 
����Ž��,ȭ�� II,75 ,13 ,2 
����Ž��,ȭ�� II,74 ,30 ,4 
����Ž��,ȭ�� II,73 ,1 ,1 
����Ž��,ȭ�� II,72 ,24 ,2 
����Ž��,ȭ�� II,71 ,28 ,2 
����Ž��,ȭ�� II,70 ,15 ,2 
����Ž��,ȭ�� II,69 ,41 ,5 
����Ž��,ȭ�� II,68 ,28 ,0 
����Ž��,ȭ�� II,67 ,28 ,7 
����Ž��,ȭ�� II,66 ,50 ,4 
����Ž��,ȭ�� II,65 ,34 ,6 
����Ž��,ȭ�� II,64 ,45 ,9 
����Ž��,ȭ�� II,63 ,51 ,12 
����Ž��,ȭ�� II,62 ,39 ,9 
����Ž��,ȭ�� II,61 ,59 ,19 
����Ž��,ȭ�� II,60 ,44 ,12 
����Ž��,ȭ�� II,59 ,54 ,15 
����Ž��,ȭ�� II,58 ,121 ,33 
����Ž��,ȭ�� II,57 ,68 ,25 
����Ž��,ȭ�� II,56 ,58 ,28 
����Ž��,ȭ�� II,55 ,62 ,32 
����Ž��,ȭ�� II,54 ,74 ,28 
����Ž��,ȭ�� II,53 ,58 ,35 
����Ž��,ȭ�� II,52 ,62 ,45 
����Ž��,ȭ�� II,51 ,69 ,40 
����Ž��,ȭ�� II,50 ,76 ,45 
����Ž��,ȭ�� II,49 ,89 ,50 
����Ž��,ȭ�� II,48 ,70 ,53 
����Ž��,ȭ�� II,47 ,100 ,56 
����Ž��,ȭ�� II,46 ,89 ,40 
����Ž��,ȭ�� II,45 ,78 ,51 
����Ž��,ȭ�� II,44 ,114 ,68 
����Ž��,ȭ�� II,43 ,87 ,54 
����Ž��,ȭ�� II,42 ,98 ,48 
����Ž��,ȭ�� II,41 ,90 ,67 
����Ž��,ȭ�� II,40 ,66 ,45 
����Ž��,ȭ�� II,39 ,87 ,33 
����Ž��,ȭ�� II,38 ,123 ,45 
����Ž��,ȭ�� II,37 ,45 ,21 
����Ž��,ȭ�� II,36 ,52 ,20 
����Ž��,ȭ�� II,35 ,22 ,17 
����Ž��,ȭ�� II,34 ,9 ,9 
����Ž��,ȭ�� II,33 ,15 ,5 
����Ž��,ȭ�� II,31 ,15 ,9 
����Ž��,�������� II,73 ,37 ,8 
����Ž��,�������� II,72 ,22 ,17 
����Ž��,�������� II,71 ,33 ,19 
����Ž��,�������� II,70 ,8 ,1 
����Ž��,�������� II,69 ,62 ,27 
����Ž��,�������� II,68 ,41 ,20 
����Ž��,�������� II,67 ,32 ,17 
����Ž��,�������� II,66 ,126 ,67 
����Ž��,�������� II,65 ,78 ,41 
����Ž��,�������� II,64 ,90 ,57 
����Ž��,�������� II,63 ,47 ,15 
����Ž��,�������� II,62 ,75 ,51 
����Ž��,�������� II,61 ,41 ,36 
����Ž��,�������� II,60 ,66 ,38 
����Ž��,�������� II,59 ,100 ,85 
����Ž��,�������� II,58 ,49 ,45 
����Ž��,�������� II,57 ,61 ,48 
����Ž��,�������� II,56 ,52 ,48 
����Ž��,�������� II,55 ,64 ,50 
����Ž��,�������� II,54 ,42 ,48 
����Ž��,�������� II,53 ,41 ,62 
����Ž��,�������� II,52 ,135 ,133 
����Ž��,�������� II,51 ,63 ,56 
����Ž��,�������� II,50 ,70 ,72 
����Ž��,�������� II,49 ,61 ,84 
����Ž��,�������� II,48 ,70 ,94 
����Ž��,�������� II,47 ,93 ,92 
����Ž��,�������� II,46 ,92 ,94 
����Ž��,�������� II,45 ,204 ,216 
����Ž��,�������� II,44 ,125 ,125 
����Ž��,�������� II,43 ,120 ,114 
����Ž��,�������� II,42 ,116 ,104 
����Ž��,�������� II,41 ,108 ,96 
����Ž��,�������� II,40 ,93 ,84 
����Ž��,�������� II,39 ,162 ,99 
����Ž��,�������� II,38 ,197 ,135 
����Ž��,�������� II,37 ,49 ,39 
����Ž��,�������� II,36 ,55 ,47 
����Ž��,�������� II,35 ,13 ,11 
����Ž��,�������� II,34 ,28 ,15 
����Ž��,�������� II,33 ,7 ,14 
����Ž��,�������� II,32 ,5 ,2 
����Ž��,�������� II,31 ,4 ,8 
����Ž��,�������� II,30 ,5 ,7 
����Ž��,�������� II,72 ,113 ,16 
����Ž��,�������� II,70 ,43 ,6 
����Ž��,�������� II,69 ,92 ,8 
����Ž��,�������� II,68 ,77 ,15 
����Ž��,�������� II,67 ,56 ,14 
����Ž��,�������� II,66 ,26 ,7 
����Ž��,�������� II,65 ,53 ,13 
����Ž��,�������� II,64 ,79 ,21 
����Ž��,�������� II,63 ,46 ,11 
����Ž��,�������� II,62 ,25 ,7 
����Ž��,�������� II,61 ,37 ,11 
����Ž��,�������� II,60 ,59 ,19 
����Ž��,�������� II,59 ,33 ,6 
����Ž��,�������� II,58 ,52 ,8 
����Ž��,�������� II,57 ,36 ,7 
����Ž��,�������� II,56 ,94 ,34 
����Ž��,�������� II,55 ,41 ,20 
����Ž��,�������� II,54 ,56 ,25 
����Ž��,�������� II,53 ,46 ,23 
����Ž��,�������� II,52 ,131 ,74 
����Ž��,�������� II,51 ,62 ,33 
����Ž��,�������� II,50 ,82 ,32 
����Ž��,�������� II,49 ,85 ,31 
����Ž��,�������� II,48 ,174 ,77 
����Ž��,�������� II,47 ,87 ,54 
����Ž��,�������� II,46 ,103 ,43 
����Ž��,�������� II,45 ,98 ,30 
����Ž��,�������� II,44 ,193 ,83 
����Ž��,�������� II,43 ,219 ,76 
����Ž��,�������� II,42 ,93 ,32 
����Ž��,�������� II,41 ,66 ,33 
����Ž��,�������� II,40 ,208 ,84 
����Ž��,�������� II,39 ,47 ,21 
����Ž��,�������� II,38 ,159 ,62 
����Ž��,�������� II,37 ,43 ,21 
����Ž��,�������� II,36 ,66 ,21 
����Ž��,�������� II,35 ,11 ,4 
����Ž��,�������� II,34 ,9 ,2 
����Ž��,�������� II,33 ,12 ,6 
����Ž��,�������� II,32 ,6 ,2 
����Ž��,�������� ������Ȱ,68 ,90 ,51 
����Ž��,�������� ������Ȱ,66 ,122 ,74 
����Ž��,�������� ������Ȱ,65 ,9 ,12 
����Ž��,�������� ������Ȱ,64 ,62 ,52 
����Ž��,�������� ������Ȱ,63 ,56 ,28 
����Ž��,�������� ������Ȱ,62 ,76 ,55 
����Ž��,�������� ������Ȱ,61 ,36 ,32 
����Ž��,�������� ������Ȱ,60 ,33 ,36 
����Ž��,�������� ������Ȱ,59 ,45 ,41 
����Ž��,�������� ������Ȱ,58 ,70 ,63 
����Ž��,�������� ������Ȱ,57 ,44 ,39 
����Ž��,�������� ������Ȱ,56 ,35 ,24 
����Ž��,�������� ������Ȱ,55 ,45 ,36 
����Ž��,�������� ������Ȱ,54 ,48 ,37 
����Ž��,�������� ������Ȱ,53 ,76 ,90 
����Ž��,�������� ������Ȱ,52 ,41 ,32 
����Ž��,�������� ������Ȱ,51 ,51 ,51 
����Ž��,�������� ������Ȱ,50 ,45 ,58 
����Ž��,�������� ������Ȱ,49 ,80 ,94 
����Ž��,�������� ������Ȱ,48 ,48 ,45 
����Ž��,�������� ������Ȱ,47 ,52 ,57 
����Ž��,�������� ������Ȱ,46 ,56 ,54 
����Ž��,�������� ������Ȱ,45 ,109 ,116 
����Ž��,�������� ������Ȱ,44 ,60 ,57 
����Ž��,�������� ������Ȱ,43 ,55 ,60 
����Ž��,�������� ������Ȱ,42 ,50 ,46 
����Ž��,�������� ������Ȱ,41 ,83 ,97 
����Ž��,�������� ������Ȱ,40 ,42 ,43 
����Ž��,�������� ������Ȱ,39 ,59 ,47 
����Ž��,�������� ������Ȱ,38 ,50 ,40 
����Ž��,�������� ������Ȱ,37 ,97 ,71 
����Ž��,�������� ������Ȱ,36 ,33 ,28 
����Ž��,�������� ������Ȱ,35 ,26 ,19 
����Ž��,�������� ������Ȱ,34 ,24 ,24 
����Ž��,�������� ������Ȱ,33 ,34 ,27 
����Ž��,�������� ������Ȱ,32 ,9 ,7 
����Ž��,�������� ������Ȱ,31 ,25 ,7 
����Ž��,�������� ������Ȱ,30 ,2 ,1 
����Ž��,�������� ������Ȱ,29 ,4 ,1 
����Ž��,�������� ������Ȱ,28 ,1 ,2 
����Ž��,��� ���� ���,72 ,2 ,1 
����Ž��,��� ���� ���,71 ,2 ,0 
����Ž��,��� ���� ���,70 ,4 ,2 
����Ž��,��� ���� ���,69 ,1 ,0 
����Ž��,��� ���� ���,68 ,1 ,2 
����Ž��,��� ���� ���,67 ,1 ,2 
����Ž��,��� ���� ���,66 ,1 ,1 
����Ž��,��� ���� ���,65 ,1 ,0 
����Ž��,��� ���� ���,64 ,3 ,0 
����Ž��,��� ���� ���,63 ,2 ,2 
����Ž��,��� ���� ���,62 ,2 ,3 
����Ž��,��� ���� ���,61 ,3 ,1 
����Ž��,��� ���� ���,60 ,3 ,2 
����Ž��,��� ���� ���,59 ,1 ,2 
����Ž��,��� ���� ���,58 ,6 ,3 
����Ž��,��� ���� ���,57 ,4 ,3 
����Ž��,��� ���� ���,56 ,2 ,5 
����Ž��,��� ���� ���,55 ,6 ,4 
����Ž��,��� ���� ���,54 ,4 ,6 
����Ž��,��� ���� ���,53 ,3 ,5 
����Ž��,��� ���� ���,52 ,5 ,7 
����Ž��,��� ���� ���,51 ,4 ,4 
����Ž��,��� ���� ���,50 ,3 ,1 
����Ž��,��� ���� ���,49 ,3 ,3 
����Ž��,��� ���� ���,48 ,5 ,1 
����Ž��,��� ���� ���,47 ,4 ,5 
����Ž��,��� ���� ���,46 ,5 ,2 
����Ž��,��� ���� ���,45 ,6 ,4 
����Ž��,��� ���� ���,44 ,3 ,2 
����Ž��,��� ���� ���,43 ,8 ,4 
����Ž��,��� ���� ���,42 ,7 ,4 
����Ž��,��� ���� ���,41 ,4 ,2 
����Ž��,��� ���� ���,40 ,5 ,2 
����Ž��,��� ���� ���,39 ,1 ,4 
����Ž��,��� ���� ���,38 ,6 ,3 
����Ž��,��� ���� ���,37 ,2 ,1 
����Ž��,��� ���� ���,36 ,1 ,0 
����Ž��,��� ���� ���,35 ,3 ,0 
����Ž��,��� ���� ���,34 ,1 ,2 
����Ž��,��� ���� ���,33 ,3 ,3 
����Ž��,��� ���� ���,32 ,2 ,1 
����Ž��,��� ���� ���,31 ,1 ,1 
����Ž��,��� ���� ���,30 ,1 ,0 
����Ž��,��� ���� ���,28 ,0 ,1 
����Ž��,���� �Ϲ�,64 ,91 ,23 
����Ž��,���� �Ϲ�,62 ,109 ,30 
����Ž��,���� �Ϲ�,61 ,1 ,1 
����Ž��,���� �Ϲ�,60 ,17 ,7 
����Ž��,���� �Ϲ�,59 ,87 ,24 
����Ž��,���� �Ϲ�,58 ,21 ,6 
����Ž��,���� �Ϲ�,57 ,55 ,15 
����Ž��,���� �Ϲ�,56 ,35 ,5 
����Ž��,���� �Ϲ�,55 ,28 ,8 
����Ž��,���� �Ϲ�,54 ,42 ,8 
����Ž��,���� �Ϲ�,53 ,20 ,7 
����Ž��,���� �Ϲ�,52 ,16 ,4 
����Ž��,���� �Ϲ�,51 ,29 ,10 
����Ž��,���� �Ϲ�,50 ,16 ,5 
����Ž��,���� �Ϲ�,49 ,12 ,1 
����Ž��,���� �Ϲ�,48 ,25 ,11 
����Ž��,���� �Ϲ�,47 ,17 ,3 
����Ž��,���� �Ϲ�,46 ,21 ,5 
����Ž��,���� �Ϲ�,45 ,44 ,12 
����Ž��,���� �Ϲ�,44 ,16 ,8 
����Ž��,���� �Ϲ�,43 ,52 ,16 
����Ž��,���� �Ϲ�,42 ,26 ,3 
����Ž��,���� �Ϲ�,41 ,27 ,8 
����Ž��,���� �Ϲ�,40 ,46 ,16 
����Ž��,���� �Ϲ�,39 ,26 ,4 
����Ž��,���� �Ϲ�,38 ,18 ,3 
����Ž��,���� �Ϲ�,37 ,54 ,16 
����Ž��,���� �Ϲ�,36 ,20 ,4 
����Ž��,���� �Ϲ�,35 ,15 ,2 
����Ž��,���� �Ϲ�,34 ,19 ,7 
����Ž��,���� �Ϲ�,33 ,13 ,0 
����Ž��,���� �Ϲ�,32 ,16 ,1 
����Ž��,���� �Ϲ�,31 ,8 ,3 
����Ž��,���� �Ϲ�,30 ,7 ,3 
����Ž��,���� �Ϲ�,29 ,6 ,2 
����Ž��,���� �Ϲ�,27 ,0 ,2 
����Ž��,��� ����,70 ,11 ,3 
����Ž��,��� ����,69 ,8 ,13 
����Ž��,��� ����,68 ,8 ,10 
����Ž��,��� ����,67 ,5 ,7 
����Ž��,��� ����,66 ,25 ,12 
����Ž��,��� ����,65 ,21 ,30 
����Ž��,��� ����,64 ,11 ,20 
����Ž��,��� ����,63 ,6 ,7 
����Ž��,��� ����,62 ,10 ,17 
����Ž��,��� ����,61 ,6 ,9 
����Ž��,��� ����,60 ,20 ,12 
����Ž��,��� ����,59 ,20 ,14 
����Ž��,��� ����,58 ,6 ,13 
����Ž��,��� ����,57 ,9 ,18 
����Ž��,��� ����,56 ,6 ,6 
����Ž��,��� ����,55 ,15 ,14 
����Ž��,��� ����,54 ,9 ,30 
����Ž��,��� ����,53 ,10 ,23 
����Ž��,��� ����,52 ,3 ,15 
����Ž��,��� ����,51 ,13 ,23 
����Ž��,��� ����,50 ,12 ,17 
����Ž��,��� ����,49 ,20 ,45 
����Ž��,��� ����,48 ,12 ,21 
����Ž��,��� ����,47 ,15 ,32 
����Ž��,��� ����,46 ,9 ,39 
����Ž��,��� ����,45 ,20 ,28 
����Ž��,��� ����,44 ,14 ,34 
����Ž��,��� ����,43 ,21 ,57 
����Ž��,��� ����,42 ,11 ,25 
����Ž��,��� ����,41 ,8 ,28 
����Ž��,��� ����,40 ,12 ,23 
����Ž��,��� ����,39 ,18 ,15 
����Ž��,��� ����,38 ,16 ,46 
����Ž��,��� ����,37 ,11 ,23 
����Ž��,��� ����,36 ,5 ,16 
����Ž��,��� ����,35 ,5 ,8 
����Ž��,��� ����,34 ,5 ,10 
����Ž��,��� ����,33 ,8 ,5 
����Ž��,��� ����,32 ,2 ,3 
����Ž��,��� ����,31 ,1 ,0 
����Ž��,��� ����,30 ,2 ,1 
����Ž��,��� ����,28 ,0 ,1 
����Ž��,���ꡤ�ؿ� ��� ����,65 ,2 ,1 
����Ž��,���ꡤ�ؿ� ��� ����,61 ,0 ,1 
����Ž��,���ꡤ�ؿ� ��� ����,58 ,1 ,0 
����Ž��,���ꡤ�ؿ� ��� ����,56 ,0 ,1 
����Ž��,���ꡤ�ؿ� ��� ����,54 ,1 ,0 
����Ž��,���ꡤ�ؿ� ��� ����,53 ,2 ,0 
����Ž��,���ꡤ�ؿ� ��� ����,52 ,1 ,0 
����Ž��,���ꡤ�ؿ� ��� ����,50 ,1 ,0 
����Ž��,���ꡤ�ؿ� ��� ����,47 ,1 ,1 
����Ž��,���ꡤ�ؿ� ��� ����,45 ,1 ,0 
����Ž��,���ꡤ�ؿ� ��� ����,44 ,0 ,1 
����Ž��,���ꡤ�ؿ� ��� ����,40 ,2 ,1 
����Ž��,���ꡤ�ؿ� ��� ����,33 ,1 ,0 
����Ž��,���ꡤ�ؿ� ��� ����,31 ,1 ,0 
����Ž��,�ΰ� �ߴ�,66 ,14 ,29 
����Ž��,�ΰ� �ߴ�,64 ,42 ,61 
����Ž��,�ΰ� �ߴ�,63 ,7 ,20 
����Ž��,�ΰ� �ߴ�,62 ,17 ,32 
����Ž��,�ΰ� �ߴ�,61 ,1 ,11 
����Ž��,�ΰ� �ߴ�,60 ,11 ,27 
����Ž��,�ΰ� �ߴ�,59 ,4 ,9 
����Ž��,�ΰ� �ߴ�,58 ,9 ,12 
����Ž��,�ΰ� �ߴ�,57 ,4 ,9 
����Ž��,�ΰ� �ߴ�,56 ,6 ,15 
����Ž��,�ΰ� �ߴ�,55 ,8 ,28 
����Ž��,�ΰ� �ߴ�,54 ,1 ,12 
����Ž��,�ΰ� �ߴ�,53 ,11 ,10 
����Ž��,�ΰ� �ߴ�,52 ,7 ,13 
����Ž��,�ΰ� �ߴ�,51 ,5 ,10 
����Ž��,�ΰ� �ߴ�,50 ,21 ,27 
����Ž��,�ΰ� �ߴ�,49 ,11 ,22 
����Ž��,�ΰ� �ߴ�,48 ,16 ,30 
����Ž��,�ΰ� �ߴ�,47 ,6 ,22 
����Ž��,�ΰ� �ߴ�,46 ,25 ,55 
����Ž��,�ΰ� �ߴ�,45 ,18 ,25 
����Ž��,�ΰ� �ߴ�,44 ,18 ,23 
����Ž��,�ΰ� �ߴ�,43 ,14 ,21 
����Ž��,�ΰ� �ߴ�,42 ,7 ,20 
����Ž��,�ΰ� �ߴ�,41 ,17 ,32 
����Ž��,�ΰ� �ߴ�,40 ,6 ,12 
����Ž��,�ΰ� �ߴ�,39 ,10 ,20 
����Ž��,�ΰ� �ߴ�,38 ,5 ,5 
����Ž��,�ΰ� �ߴ�,37 ,5 ,6 
����Ž��,�ΰ� �ߴ�,36 ,9 ,15 
����Ž��,�ΰ� �ߴ�,35 ,12 ,12 
����Ž��,�ΰ� �ߴ�,34 ,3 ,3 
����Ž��,�ΰ� �ߴ�,33 ,4 ,5 
����Ž��,�ΰ� �ߴ�,32 ,7 ,6 
����Ž��,�ΰ� �ߴ�,31 ,4 ,7 
����Ž��,�ΰ� �ߴ�,30 ,1 ,9 
����Ž��,�ΰ� �ߴ�,29 ,4 ,3 
����Ž��,�ΰ� �ߴ�,28 ,1 ,0 
����Ž��,�ΰ� �ߴ�,27 ,1 ,0 
